Provider ID,Hospital Name,Address,City,State,ZIP Code,County Name,Phone Number,Hospital Type,Hospital Ownership,Emergency Services,Meets criteria for meaningful use of EHRs,Hospital overall rating,Hospital overall rating footnote,Mortality national comparison,Mortality national comparison footnote,Safety of care national comparison,Safety of care national comparison footnote,Readmission national comparison,Readmission national comparison footnote,Patient experience national comparison,Patient experience national comparison footnote,Effectiveness of care national comparison,Effectiveness of care national comparison footnote,Timeliness of care national comparison,Timeliness of care national comparison footnote,Efficient use of medical imaging national comparison,Efficient use of medical imaging national comparison footnote,Location
310009,CLARA MAASS MEDICAL CENTER,ONE CLARA MAASS DRIVE,BELLEVILLE,NJ,7109,ESSEX,9734502002,Acute Care Hospitals,Voluntary non-profit - Private,TRUE,TRUE,4,,Above the national average,,Above the national average,,Above the national average,,Below the national average,,Same as the national average,,Below the national average,,Same as the national average,,"ONE CLARA MAASS DRIVE BELLEVILLE, NJ 07109"
310010,PENN MEDICINE PRINCETON MEDICAL CENTER,ONE PLAINSBORO ROAD,PLAINSBORO,NJ,8536,MIDDLESEX,8664604776,Acute Care Hospitals,Voluntary non-profit - Private,TRUE,TRUE,3,,Same as the national average,,Below the national average,,Below the national average,,Above the national average,,Same as the national average,,Same as the national average,,Above the national average,,"ONE PLAINSBORO ROAD PLAINSBORO, NJ 08536"
310011,CAPE REGIONAL MEDICAL CENTER INC,TWO STONE HARBOR BLVD,CAPE MAY COURT HOUSE,NJ,8210,CAPE MAY,6094632000,Acute Care Hospitals,Voluntary non-profit - Private,TRUE,TRUE,3,,Same as the national average,,Below the national average,,Above the national average,,Same as the national average,,Same as the national average,,Below the national average,,Same as the national average,,"TWO STONE HARBOR BLVD CAPE MAY COURT HOUSE, NJ 08210"
310034,RIVERVIEW MEDICAL CENTER,ONE RIVERVIEW PLAZA,RED BANK,NJ,7701,MONMOUTH,7327412700,Acute Care Hospitals,Voluntary non-profit - Private,TRUE,TRUE,4,,Same as the national average,,Above the national average,,Above the national average,,Below the national average,,Same as the national average,,Same as the national average,,Same as the national average,,"ONE RIVERVIEW PLAZA RED BANK, NJ 07701"
310038,ROBERT WOOD JOHNSON UNIVERSITY HOSPITAL,ONE ROBERT WOOD JOHNSON PLACE,NEW BRUNSWICK,NJ,8901,MIDDLESEX,7329378525,Acute Care Hospitals,Voluntary non-profit - Private,TRUE,TRUE,2,,Same as the national average,,Below the national average,,Below the national average,,Below the national average,,Same as the national average,,Below the national average,,Above the national average,,"ONE ROBERT WOOD JOHNSON PLACE NEW BRUNSWICK, NJ 08901"
310044,CAPITAL HEALTH MEDICAL CENTER - HOPEWELL,ONE CAPITAL WAY,PENNINGTON,NJ,8534,MERCER,6093034000,Acute Care Hospitals,Voluntary non-profit - Private,TRUE,TRUE,3,,Same as the national average,,Below the national average,,Above the national average,,Same as the national average,,Above the national average,,Below the national average,,Same as the national average,,"ONE CAPITAL WAY PENNINGTON, NJ 08534"
310054,HACKENSACK-UMC MOUNTAINSIDE,BAY AND HIGHLAND AVE,MONTCLAIR,NJ,7042,ESSEX,9734296000,Acute Care Hospitals,Voluntary non-profit - Private,TRUE,TRUE,2,,Same as the national average,,Above the national average,,Below the national average,,Below the national average,,Same as the national average,,Below the national average,,Same as the national average,,"BAY AND HIGHLAND AVE MONTCLAIR, NJ 07042"
310073,JERSEY SHORE UNIVERSITY MEDICAL CENTER,1945 RTE 33,NEPTUNE,NJ,7754,MONMOUTH,7327755500,Acute Care Hospitals,Voluntary non-profit - Private,TRUE,TRUE,4,,Same as the national average,,Above the national average,,Above the national average,,Below the national average,,Same as the national average,,Below the national average,,Same as the national average,,"1945 RTE 33 NEPTUNE, NJ 07754"
310110,ROBERT WOOD JOHNSON UNIVERSITY HOSPITAL HAMILTON,ONE HAMILTON HEALTH PLACE,HAMILTON,NJ,8690,MERCER,6095867900,Acute Care Hospitals,Voluntary non-profit - Private,TRUE,TRUE,3,,Same as the national average,,Above the national average,,Same as the national average,,Same as the national average,,Same as the national average,,Below the national average,,Above the national average,,"ONE HAMILTON HEALTH PLACE HAMILTON, NJ 08690"
310041,COMMUNITY MEDICAL CENTER,99 RT 37 WEST,TOMS RIVER,NJ,8755,OCEAN,7325578000,Acute Care Hospitals,Voluntary non-profit - Private,TRUE,TRUE,2,,Below the national average,,Above the national average,,Below the national average,,Below the national average,,Same as the national average,,Below the national average,,Above the national average,,"99 RT 37 WEST TOMS RIVER, NJ 08755 (39.965083, -74.21449)"
310060,ST LUKE'S WARREN HOSPITAL,185 ROSEBERRY ST,PHILLIPSBURG,NJ,8865,WARREN,9088476700,Acute Care Hospitals,Voluntary non-profit - Other,TRUE,TRUE,5,,Above the national average,,Above the national average,,Above the national average,,Same as the national average,,Same as the national average,,Same as the national average,,Above the national average,,"185 ROSEBERRY ST PHILLIPSBURG, NJ 08865 (40.701628, -75.179608)"
310014,COOPER UNIVERSITY HOSPITAL,1 COOPER PLAZA,CAMDEN,NJ,8103,CAMDEN,8563422000,Acute Care Hospitals,Voluntary non-profit - Private,TRUE,TRUE,2,,Same as the national average,,Below the national average,,Below the national average,,Same as the national average,,Above the national average,,Below the national average,,Same as the national average,,"1 COOPER PLAZA CAMDEN, NJ 08103 (39.940802, -75.115757)"
310118,HUDSON REGIONAL HOSPITAL,55 MEADOWLANDS PKWY,SECAUCUS,NJ,7094,HUDSON,2013923200,Acute Care Hospitals,Proprietary,TRUE,TRUE,2,,Same as the national average,,Not Available,Results are not available for this reporting period.,Below the national average,,Below the national average,,Same as the national average,,Same as the national average,,Not Available,Results are not available for this reporting period.,"55 MEADOWLANDS PKWY SECAUCUS, NJ 07094 (40.791805, -74.072099)"
310084,MONMOUTH MEDICAL CENTER-SOUTHERN CAMPUS,600 RIVER AVE,LAKEWOOD,NJ,8701,OCEAN,7323631900,Acute Care Hospitals,Voluntary non-profit - Private,TRUE,TRUE,3,,Same as the national average,,Not Available,Results are not available for this reporting period.,Below the national average,,Same as the national average,,Same as the national average,,Below the national average,,Same as the national average,,"600 RIVER AVE LAKEWOOD, NJ 08701 (40.074178, -74.21735)"
310017,CHILTON MEDICAL CENTER,97 WEST PARKWAY,POMPTON PLAINS,NJ,7444,MORRIS,9738315000,Acute Care Hospitals,Voluntary non-profit - Private,TRUE,TRUE,3,,Above the national average,,Same as the national average,,Below the national average,,Below the national average,,Same as the national average,,Below the national average,,Same as the national average,,"97 WEST PARKWAY POMPTON PLAINS, NJ 07444 (40.959237, -74.308102)"
310074,JERSEY CITY MEDICAL CENTER,355 GRAND STREET,JERSEY CITY,NJ,7302,HUDSON,2019152000,Acute Care Hospitals,Voluntary non-profit - Private,TRUE,TRUE,1,,Same as the national average,,Same as the national average,,Below the national average,,Below the national average,,Below the national average,,Below the national average,,Same as the national average,,"355 GRAND STREET JERSEY CITY, NJ 07302 (40.716666, -74.049952)"
310108,JFK MEDICAL CTR - ANTHONY M. YELENCSICS COMMUNITY,65 JAMES STREET,EDISON,NJ,8818,MIDDLESEX,7323217000,Acute Care Hospitals,Voluntary non-profit - Private,TRUE,TRUE,2,,Same as the national average,,Same as the national average,,Below the national average,,Below the national average,,Same as the national average,,Below the national average,,Above the national average,,"65 JAMES STREET EDISON, NJ 08818 (40.55787, -74.349499)"
310005,HUNTERDON MEDICAL CENTER,2100 WESCOTT DRIVE,FLEMINGTON,NJ,8822,HUNTERDON,9087886100,Acute Care Hospitals,Voluntary non-profit - Private,TRUE,TRUE,2,,Same as the national average,,Below the national average,,Below the national average,,Same as the national average,,Same as the national average,,Below the national average,,Same as the national average,,"2100 WESCOTT DRIVE FLEMINGTON, NJ 08822 (40.532524, -74.86041)"
310016,CAREPOINT HEALTH-CHRIST HOSPITAL,176 PALISADE AVE,JERSEY CITY,NJ,7306,HUDSON,2017958200,Acute Care Hospitals,Voluntary non-profit - Church,TRUE,TRUE,1,,Same as the national average,,Below the national average,,Below the national average,,Below the national average,,Same as the national average,,Below the national average,,Same as the national average,,"176 PALISADE AVE JERSEY CITY, NJ 07306 (40.734876, -74.050142)"
310111,CENTRASTATE MEDICAL CENTER,901 WEST MAIN STREET,FREEHOLD,NJ,7728,MONMOUTH,7324312000,Acute Care Hospitals,Voluntary non-profit - Private,TRUE,TRUE,3,,Same as the national average,,Same as the national average,,Same as the national average,,Below the national average,,Same as the national average,,Below the national average,,Above the national average,,"901 WEST MAIN STREET FREEHOLD, NJ 07728 (40.23566, -74.312025)"
310032,INSPIRA MEDICAL CENTER VINELAND,1505 W SHERMAN AVE,VINELAND,NJ,8360,CUMBERLAND,8566416610,Acute Care Hospitals,Voluntary non-profit - Private,TRUE,TRUE,2,,Same as the national average,,Above the national average,,Below the national average,,Same as the national average,,Below the national average,,Below the national average,,Same as the national average,,"1505 W SHERMAN AVE VINELAND, NJ 08360 (39.447444, -75.057329)"
310028,NEWTON MEDICAL CENTER,175 HIGH ST,NEWTON,NJ,7860,SUSSEX,9735798300,Acute Care Hospitals,Voluntary non-profit - Private,TRUE,TRUE,3,,Same as the national average,,Same as the national average,,Same as the national average,,Below the national average,,Same as the national average,,Below the national average,,Above the national average,,"175 HIGH ST NEWTON, NJ 07860 (41.055649, -74.76494)"
310050,SAINT CLARE'S HOSPITAL/ DENVILLE CAMPUS,25 POCONO ROAD,DENVILLE,NJ,7834,MORRIS,9739835569,Acute Care Hospitals,Proprietary,TRUE,TRUE,5,,Above the national average,,Above the national average,,Below the national average,,Below the national average,,Same as the national average,,Same as the national average,,Same as the national average,,"25 POCONO ROAD DENVILLE, NJ 07834 (40.894376, -74.464479)"
310019,ST JOSEPH'S UNIVERSITY MEDICAL CENTER,703 MAIN ST,PATERSON,NJ,7503,PASSAIC,9737542010,Acute Care Hospitals,Voluntary non-profit - Church,TRUE,TRUE,1,,Above the national average,,Below the national average,,Below the national average,,Below the national average,,Same as the national average,,Below the national average,,Below the national average,,"703 MAIN ST PATERSON, NJ 07503 (40.902456, -74.166751)"
310081,INSPIRA MEDICAL CENTER WOODBURY,509 N BROAD ST,WOODBURY,NJ,8096,GLOUCESTER,8568450100,Acute Care Hospitals,Voluntary non-profit - Private,TRUE,TRUE,2,,Same as the national average,,Below the national average,,Below the national average,,Below the national average,,Same as the national average,,Below the national average,,Above the national average,,"509 N BROAD ST WOODBURY, NJ 08096 (39.843556, -75.149023)"
313300,CHILDREN'S SPECIALIZED HOSPITAL,200 SOMERSET STREET,NEW BRUNSWICK,NJ,8901,MIDDLESEX,7322587050,Childrens,Voluntary non-profit - Private,FALSE,TRUE,Not Available,Data are shown only for hospitals that participate in the Inpatient Quality Reporting (IQR) and Outpatient Quality Reporting (OQR) programs.,Not Available,Data are shown only for hospitals that participate in the Inpatient Quality Reporting (IQR) and Outpatient Quality Reporting (OQR) programs.,Not Available,Data are shown only for hospitals that participate in the Inpatient Quality Reporting (IQR) and Outpatient Quality Reporting (OQR) programs.,Not Available,Data are shown only for hospitals that participate in the Inpatient Quality Reporting (IQR) and Outpatient Quality Reporting (OQR) programs.,Not Available,Data are shown only for hospitals that participate in the Inpatient Quality Reporting (IQR) and Outpatient Quality Reporting (OQR) programs.,Not Available,Data are shown only for hospitals that participate in the Inpatient Quality Reporting (IQR) and Outpatient Quality Reporting (OQR) programs.,Not Available,Data are shown only for hospitals that participate in the Inpatient Quality Reporting (IQR) and Outpatient Quality Reporting (OQR) programs.,Not Available,Data are shown only for hospitals that participate in the Inpatient Quality Reporting (IQR) and Outpatient Quality Reporting (OQR) programs.,"200 SOMERSET STREET NEW BRUNSWICK, NJ 08901 (40.49522, -74.451509)"
310069,INSPIRA MEDICAL CENTER ELMER,"501 WEST FRONT STREET, POST OFFICE BOX  1090",ELMER,NJ,8318,SALEM,8563631000,Acute Care Hospitals,Voluntary non-profit - Private,TRUE,TRUE,4,,Same as the national average,,Above the national average,,Below the national average,,Above the national average,,Same as the national average,,Same as the national average,,Same as the national average,,"501 WEST FRONT STREET, POST OFFICE BOX 1090 ELMER, NJ 08318 (39.588142, -75.179457)"
310076,SAINT BARNABAS MEDICAL CENTER,94 OLD SHORT HILLS ROAD,LIVINGSTON,NJ,7039,ESSEX,9733225000,Acute Care Hospitals,Voluntary non-profit - Other,TRUE,TRUE,4,,Above the national average,,Below the national average,,Above the national average,,Same as the national average,,Same as the national average,,Below the national average,,Same as the national average,,"94 OLD SHORT HILLS ROAD LIVINGSTON, NJ 07039 (40.764045, -74.302334)"
310045,ENGLEWOOD HOSPITAL AND MEDICAL CENTER,350 ENGLE ST,ENGLEWOOD,NJ,7631,BERGEN,2018943000,Acute Care Hospitals,Voluntary non-profit - Private,TRUE,TRUE,2,,Same as the national average,,Below the national average,,Below the national average,,Below the national average,,Same as the national average,,Below the national average,,Above the national average,,"350 ENGLE ST ENGLEWOOD, NJ 07631 (40.902855, -73.967993)"
310002,NEWARK BETH ISRAEL MEDICAL CENTER,201 LYONS AVE,NEWARK,NJ,7112,ESSEX,9739267850,Acute Care Hospitals,Voluntary non-profit - Private,TRUE,TRUE,1,,Same as the national average,,Below the national average,,Below the national average,,Below the national average,,Same as the national average,,Below the national average,,Below the national average,,"201 LYONS AVE NEWARK, NJ 07112 (40.710054, -74.213787)"
310064,ATLANTICARE REGIONAL MEDICAL CENTER - CITY CAMPUS,1925 PACIFIC AVENUE,ATLANTIC CITY,NJ,8401,ATLANTIC,6094418020,Acute Care Hospitals,Voluntary non-profit - Other,TRUE,TRUE,5,,Above the national average,,Above the national average,,Above the national average,,Same as the national average,,Same as the national average,,Below the national average,,Above the national average,,"1925 PACIFIC AVENUE ATLANTIC CITY, NJ 08401 (39.357791, -74.433942)"
310086,JEFFERSON STRATFORD HOSPITAL,18 EAST LAUREL ROAD,STRATFORD,NJ,8084,CAMDEN,8563467802,Acute Care Hospitals,Voluntary non-profit - Private,TRUE,TRUE,2,,Above the national average,,Below the national average,,Below the national average,,Same as the national average,,Above the national average,,Below the national average,,Above the national average,,"18 EAST LAUREL ROAD STRATFORD, NJ 08084 (39.828853, -75.008799)"
310022,VIRTUA WEST JERSEY HOSPITALS VOORHEES,100 BOWMAN DRIVE,VOORHEES,NJ,8043,CAMDEN,8562473200,Acute Care Hospitals,Voluntary non-profit - Private,TRUE,TRUE,4,,Same as the national average,,Above the national average,,Below the national average,,Same as the national average,,Same as the national average,,Below the national average,,Above the national average,,"100 BOWMAN DRIVE VOORHEES, NJ 08043 (39.842327, -74.927892)"
310015,MORRISTOWN MEDICAL CENTER,100 MADISON AVE,MORRISTOWN,NJ,7962,MORRIS,9739715450,Acute Care Hospitals,Voluntary non-profit - Private,TRUE,TRUE,5,,Above the national average,,Above the national average,,Above the national average,,Same as the national average,,Same as the national average,,Below the national average,,Above the national average,,"100 MADISON AVE MORRISTOWN, NJ 07962 (40.787896, -74.464855)"
310091,MEMORIAL HOSPITAL OF SALEM COUNTY,310 WOODSTOWN ROAD,SALEM,NJ,8079,SALEM,8569351000,Acute Care Hospitals,Voluntary non-profit - Private,TRUE,TRUE,2,,Same as the national average,,Same as the national average,,Below the national average,,Below the national average,,Same as the national average,,Below the national average,,Same as the national average,,"310 WOODSTOWN ROAD SALEM, NJ 08079 (39.593404, -75.445855)"
310048,ROBERT WOOD JOHNSON UNIVERSITY HOSPITAL SOMERSET,110 REHILL AVE,SOMERVILLE,NJ,8876,SOMERSET,9086852200,Acute Care Hospitals,Voluntary non-profit - Private,TRUE,TRUE,3,,Same as the national average,,Above the national average,,Above the national average,,Below the national average,,Same as the national average,,Below the national average,,Same as the national average,,"110 REHILL AVE SOMERVILLE, NJ 08876 (40.568854, -74.595695)"
310003,PALISADES MEDICAL CENTER,7600 RIVER RD,NORTH BERGEN,NJ,7047,HUDSON,2018545000,Acute Care Hospitals,Voluntary non-profit - Private,TRUE,TRUE,2,,Above the national average,,Below the national average,,Below the national average,,Below the national average,,Same as the national average,,Below the national average,,Same as the national average,,"7600 RIVER RD NORTH BERGEN, NJ 07047 (40.794166, -73.995765)"
310083,EAST ORANGE GENERAL HOSPITAL,300 CENTRAL AVE,EAST ORANGE,NJ,7018,ESSEX,9732664401,Acute Care Hospitals,Voluntary non-profit - Private,TRUE,TRUE,1,,Above the national average,,Above the national average,,Below the national average,,Below the national average,,Below the national average,,Below the national average,,Same as the national average,,"300 CENTRAL AVE EAST ORANGE, NJ 07018 (40.753707, -74.213333)"
310130,HACKENSACK MERIDIAN HEALTH PASCACK VALLEY MEDICAL,250 OLD HOOK ROAD,WESTWOOD,NJ,7675,BERGEN,2013831035,Acute Care Hospitals,Proprietary,TRUE,TRUE,2,,Same as the national average,,Below the national average,,Below the national average,,Same as the national average,,Below the national average,,Same as the national average,,Same as the national average,,"250 OLD HOOK ROAD WESTWOOD, NJ 07675 (40.983658, -74.014195)"
310012,VALLEY HOSPITAL,223 N VAN DIEN AVENUE,RIDGEWOOD,NJ,7450,BERGEN,2014478000,Acute Care Hospitals,Voluntary non-profit - Private,TRUE,TRUE,4,,Above the national average,,Above the national average,,Below the national average,,Same as the national average,,Same as the national average,,Same as the national average,,Same as the national average,,"223 N VAN DIEN AVENUE RIDGEWOOD, NJ 07450 (40.983204, -74.101761)"
310119,UNIVERSITY HOSPITAL,150 BERGEN ST,NEWARK,NJ,7101,ESSEX,9739725658,Acute Care Hospitals,Government - State,TRUE,TRUE,1,,Same as the national average,,Below the national average,,Below the national average,,Below the national average,,Below the national average,,Below the national average,,Below the national average,,"150 BERGEN ST NEWARK, NJ 07101 (40.74095, -74.19213)"
310039,RARITAN BAY MEDICAL CENTER PERTH AMBOY DIVISION,530 NEW BRUNSWICK AVE,PERTH AMBOY,NJ,8861,MIDDLESEX,7324423700,Acute Care Hospitals,Voluntary non-profit - Private,TRUE,TRUE,3,,Above the national average,,Above the national average,,Below the national average,,Below the national average,,Same as the national average,,Below the national average,,Same as the national average,,"530 NEW BRUNSWICK AVE PERTH AMBOY, NJ 08861 (40.518346, -74.28075)"
310052,OCEAN MEDICAL CENTER,425 JACK MARTIN BLVD,BRICK,NJ,8724,OCEAN,7328402200,Acute Care Hospitals,Voluntary non-profit - Other,TRUE,TRUE,4,,Same as the national average,,Above the national average,,Above the national average,,Below the national average,,Same as the national average,,Below the national average,,Same as the national average,,"425 JACK MARTIN BLVD BRICK, NJ 08724 (40.078327, -74.129748)"
310029,OUR LADY OF LOURDES MEDICAL CENTER,1600 HADDON AVENUE,CAMDEN,NJ,8103,CAMDEN,8565806330,Acute Care Hospitals,Voluntary non-profit - Private,TRUE,TRUE,2,,Same as the national average,,Above the national average,,Below the national average,,Below the national average,,Same as the national average,,Below the national average,,Same as the national average,,"1600 HADDON AVENUE CAMDEN, NJ 08103 (39.927033, -75.095704)"
310096,SAINT MICHAEL'S MEDICAL CENTER,111 CENTRAL AVENUE,NEWARK,NJ,7102,ESSEX,9738775350,Acute Care Hospitals,Voluntary non-profit - Private,FALSE,TRUE,5,,Above the national average,,Above the national average,,Above the national average,,Below the national average,,Same as the national average,,Below the national average,,Not Available,Results are not available for this reporting period.,"111 CENTRAL AVENUE NEWARK, NJ 07102 (40.743034, -74.174503)"
310113,SOUTHERN OCEAN MEDICAL CENTER,1140 RT 72 W,MANAHAWKIN,NJ,8050,OCEAN,6095976011,Acute Care Hospitals,Voluntary non-profit - Private,TRUE,TRUE,4,,Same as the national average,,Below the national average,,Above the national average,,Below the national average,,Same as the national average,,Below the national average,,Same as the national average,,"1140 RT 72 W MANAHAWKIN, NJ 08050 (39.721499, -74.287136)"
310047,SHORE MEDICAL CENTER,100 MEDICAL CENTER WAY,SOMERS POINT,NJ,8244,ATLANTIC,6096533545,Acute Care Hospitals,Voluntary non-profit - Private,TRUE,TRUE,2,,Same as the national average,,Above the national average,,Below the national average,,Same as the national average,,Same as the national average,,Same as the national average,,Same as the national average,,"100 MEDICAL CENTER WAY SOMERS POINT, NJ 08244 (39.314673, -74.592772)"
310070,SAINT PETER'S UNIVERSITY HOSPITAL,254 EASTON AVE,NEW BRUNSWICK,NJ,8901,MIDDLESEX,7327458600,Acute Care Hospitals,Voluntary non-profit - Church,TRUE,TRUE,2,,Above the national average,,Below the national average,,Below the national average,,Above the national average,,Same as the national average,,Below the national average,,Above the national average,,"254 EASTON AVE NEW BRUNSWICK, NJ 08901 (40.501846, -74.45913)"
310057,VIRTUA MEMORIAL HOSPITAL OF BURLINGTON COUNTY,175 MADISON AVE,MOUNT HOLLY,NJ,8060,BURLINGTON,6099146000,Acute Care Hospitals,Voluntary non-profit - Private,TRUE,TRUE,2,,Same as the national average,,Below the national average,,Above the national average,,Below the national average,,Same as the national average,,Below the national average,,Above the national average,,"175 MADISON AVE MOUNT HOLLY, NJ 08060 (39.985698, -74.795832)"
310024,ROBERT WOOD JOHNSON UNIVERSITY HOSPITAL AT RAHWAY,865 STONE ST,RAHWAY,NJ,7065,UNION,7323814200,Acute Care Hospitals,Voluntary non-profit - Private,TRUE,TRUE,2,,Below the national average,,Above the national average,,Below the national average,,Below the national average,,Same as the national average,,Below the national average,,Same as the national average,,"865 STONE ST RAHWAY, NJ 07065 (40.612237, -74.291688)"
310031,DEBORAH HEART AND LUNG CENTER,200 TRENTON ROAD,BROWNS MILLS,NJ,8015,BURLINGTON,6098936611,Acute Care Hospitals,Voluntary non-profit - Private,FALSE,TRUE,5,,Above the national average,,Same as the national average,,Above the national average,,Above the national average,,Same as the national average,,Not Available,There are too few measures or measure groups reported to calculate a star rating or measure group score.,Same as the national average,,"200 TRENTON ROAD BROWNS MILLS, NJ 08015 (39.977274, -74.58621)"
310075,MONMOUTH MEDICAL CENTER,300 SECOND AVENUE,LONG BRANCH,NJ,7740,MONMOUTH,7322225200,Acute Care Hospitals,Voluntary non-profit - Private,TRUE,TRUE,4,,Same as the national average,,Above the national average,,Above the national average,,Above the national average,,Above the national average,,Below the national average,,Same as the national average,,"300 SECOND AVENUE LONG BRANCH, NJ 07740 (40.295448, -73.983598)"
310061,LOURDES MEDICAL CENTER OF BURLINGTON COUNTY,218A SUNSET ROAD,WILLINGBORO,NJ,8046,BURLINGTON,6098352900,Acute Care Hospitals,Voluntary non-profit - Private,TRUE,TRUE,2,,Same as the national average,,Below the national average,,Below the national average,,Below the national average,,Same as the national average,,Below the national average,,Above the national average,,"218A SUNSET ROAD WILLINGBORO, NJ 08046 (40.048632, -74.881982)"
310025,CAREPOINT HEALTH - BAYONNE MEDICAL CENTER,29 EAST 29TH ST,BAYONNE,NJ,7002,HUDSON,2018585000,Acute Care Hospitals,Voluntary non-profit - Private,TRUE,TRUE,2,,Same as the national average,,Above the national average,,Below the national average,,Below the national average,,Same as the national average,,Below the national average,,Same as the national average,,"29 EAST 29TH ST BAYONNE, NJ 07002 (40.667531, -74.112371)"
310115,HACKETTSTOWN MEDICAL CENTER,651 WILLOW GROVE ST,HACKETTSTOWN,NJ,7840,WARREN,9088525100,Acute Care Hospitals,Voluntary non-profit - Church,TRUE,TRUE,2,,Same as the national average,,Below the national average,,Above the national average,,Below the national average,,Same as the national average,,Same as the national average,,Same as the national average,,"651 WILLOW GROVE ST HACKETTSTOWN, NJ 07840 (40.861646, -74.81378)"
310008,HOLY NAME MEDICAL CENTER,718 TEANECK RD,TEANECK,NJ,7666,BERGEN,2018333000,Acute Care Hospitals,Voluntary non-profit - Private,TRUE,TRUE,3,,Above the national average,,Below the national average,,Above the national average,,Same as the national average,,Below the national average,,Below the national average,,Same as the national average,,"718 TEANECK RD TEANECK, NJ 07666 (40.882377, -74.008629)"
310058,BERGEN REGIONAL MEDICAL CENTER,230 EAST RIDGEWOOD AVE,PARAMUS,NJ,7652,BERGEN,2019674000,Acute Care Hospitals,Government - Local,TRUE,TRUE,2,,Not Available,Results are not available for this reporting period.,Same as the national average,,Below the national average,,Not Available,There are too few measures or measure groups reported to calculate a star rating or measure group score.,Same as the national average,,Same as the national average,,Not Available,Results are not available for this reporting period.,"230 EAST RIDGEWOOD AVE PARAMUS, NJ 07652 (40.958602, -74.062151)"
310040,CAREPOINT HEALTH-HOBOKEN UNIVERSITY MEDICAL CENTER,308 WILLOW AVE,HOBOKEN,NJ,7030,HUDSON,2014181000,Acute Care Hospitals,Voluntary non-profit - Church,TRUE,TRUE,2,,Same as the national average,,Below the national average,,Below the national average,,Below the national average,,Same as the national average,,Below the national average,,Same as the national average,,"308 WILLOW AVE HOBOKEN, NJ 07030 (40.741213, -74.033559)"
313302,WEISMAN CHILDRENS REHABILITATION HOSPITAL,"92 BRICK ROAD, 3RD FLOOR",MARLTON,NJ,8053,BURLINGTON,8564894520,Childrens,Proprietary,TRUE,TRUE,Not Available,Data are shown only for hospitals that participate in the Inpatient Quality Reporting (IQR) and Outpatient Quality Reporting (OQR) programs.,Not Available,Data are shown only for hospitals that participate in the Inpatient Quality Reporting (IQR) and Outpatient Quality Reporting (OQR) programs.,Not Available,Data are shown only for hospitals that participate in the Inpatient Quality Reporting (IQR) and Outpatient Quality Reporting (OQR) programs.,Not Available,Data are shown only for hospitals that participate in the Inpatient Quality Reporting (IQR) and Outpatient Quality Reporting (OQR) programs.,Not Available,Data are shown only for hospitals that participate in the Inpatient Quality Reporting (IQR) and Outpatient Quality Reporting (OQR) programs.,Not Available,Data are shown only for hospitals that participate in the Inpatient Quality Reporting (IQR) and Outpatient Quality Reporting (OQR) programs.,Not Available,Data are shown only for hospitals that participate in the Inpatient Quality Reporting (IQR) and Outpatient Quality Reporting (OQR) programs.,Not Available,Data are shown only for hospitals that participate in the Inpatient Quality Reporting (IQR) and Outpatient Quality Reporting (OQR) programs.,"92 BRICK ROAD, 3RD FLOOR MARLTON, NJ 08053 (39.880588, -74.919209)"
310051,OVERLOOK MEDICAL CENTER,99 BEAUVOIR AVENUE,SUMMIT,NJ,7902,UNION,9085222000,Acute Care Hospitals,Voluntary non-profit - Other,TRUE,TRUE,3,,Same as the national average,,Above the national average,,Above the national average,,Below the national average,,Same as the national average,,Below the national average,,Above the national average,,"99 BEAUVOIR AVENUE SUMMIT, NJ 07902 (40.71241, -74.354023)"
310112,BAYSHORE MEDICAL CENTER,727 N BEERS ST,HOLMDEL,NJ,7733,MONMOUTH,7327395900,Acute Care Hospitals,Voluntary non-profit - Private,TRUE,TRUE,2,,Same as the national average,,Above the national average,,Below the national average,,Below the national average,,Same as the national average,,Below the national average,,Same as the national average,,"727 N BEERS ST HOLMDEL, NJ 07733 (40.404203, -74.193354)"
310021,ST FRANCIS MEDICAL CENTER,601 HAMILTON AVE,TRENTON,NJ,8629,MERCER,6095995000,Acute Care Hospitals,Voluntary non-profit - Church,TRUE,TRUE,1,,Same as the national average,,Below the national average,,Below the national average,,Below the national average,,Same as the national average,,Same as the national average,,Same as the national average,,"601 HAMILTON AVE TRENTON, NJ 08629 (40.217126, -74.742576)"
310006,ST MARY'S GENERAL HOSPITAL,350 BOULEVARD,PASSAIC,NJ,7055,PASSAIC,9733654300,Acute Care Hospitals,Proprietary,TRUE,TRUE,3,,Same as the national average,,Above the national average,,Above the national average,,Below the national average,,Same as the national average,,Same as the national average,,Same as the national average,,"350 BOULEVARD PASSAIC, NJ 07055 (40.85828, -74.13721)"
310027,TRINITAS REGIONAL MEDICAL CENTER,225 WILLIAMSON STREET,ELIZABETH,NJ,7207,UNION,9089945000,Acute Care Hospitals,Voluntary non-profit - Private,TRUE,TRUE,1,,Same as the national average,,Below the national average,,Below the national average,,Below the national average,,Below the national average,,Below the national average,,Same as the national average,,"225 WILLIAMSON STREET ELIZABETH, NJ 07207 (40.65892, -74.214355)"
310092,CAPITAL HEALTH SYSTEM-FULD CAMPUS,750 BRUNSWICK AVE,TRENTON,NJ,8638,MERCER,6093946000,Acute Care Hospitals,Voluntary non-profit - Private,TRUE,TRUE,2,,Same as the national average,,Same as the national average,,Below the national average,,Below the national average,,Same as the national average,,Below the national average,,Same as the national average,,"750 BRUNSWICK AVE TRENTON, NJ 08638 (40.235987, -74.752776)"
310001,HACKENSACK UNIVERSITY MEDICAL CENTER,30 PROSPECT AVE,HACKENSACK,NJ,7601,BERGEN,5519962000,Acute Care Hospitals,Voluntary non-profit - Private,TRUE,TRUE,3,,Above the national average,,Below the national average,,Below the national average,,Same as the national average,,Below the national average,,Below the national average,,Above the national average,,"30 PROSPECT AVE HACKENSACK, NJ 07601 (40.884032, -74.057954)"